,RSI
9,61.24
10,41.59
11,53.23
12,81.34
13,82.33
14,84.8
15,81.68
16,72.9
17,76.71
18,77.25
19,79.36
20,63.46
21,75.56
22,47.25
23,47.7
24,42.09
25,41.39
26,36.34
27,27.73
28,27.73
29,28.11
30,20.33
31,38.72
32,23.85
33,21.14
34,17.93
35,20.34
36,21.06
37,28.39
38,28.09
39,25.28
40,19.24
41,22.05
42,32.26
43,50.12
44,53.88
45,59.0
46,30.79
47,21.8
48,34.73
49,28.39
50,31.73
51,27.37
52,26.36
53,18.59
54,16.77
55,18.64
56,42.28
57,40.32
58,57.65
59,46.64
60,47.65
61,48.16
62,49.21
63,43.77
64,48.24
65,50.45
66,43.32
67,39.09
68,53.62
69,53.42
70,55.12
71,59.82
72,81.87
73,86.49
74,83.85
75,88.01
76,73.42
77,64.88
78,67.94
79,65.74
80,73.68
81,69.49
82,61.02
83,55.74
84,51.18
85,71.4
86,71.56
87,66.84
88,59.5
89,52.27
90,48.49
91,34.48
92,40.29
93,70.45
94,63.74
95,75.49
96,81.16
97,84.76
98,65.12
99,73.55
100,63.03
101,54.95
102,30.61
103,31.31
104,35.39
105,24.86
106,36.47
107,40.7
108,40.54
109,43.73
110,42.49
111,52.26
112,42.14
113,23.96
114,18.89
115,16.8
116,22.78
117,24.04
118,36.69
119,38.9
120,35.06
121,38.48
122,52.99
123,64.58
124,63.36
125,65.47
126,62.07
127,36.12
128,28.27
129,37.53
130,33.33
131,33.5
132,44.72
133,44.83
134,36.29
135,41.08
136,45.88
137,63.85
138,56.51
139,52.37
140,47.37
141,39.87
142,41.43
143,49.76
144,44.39
145,51.75
146,49.15
147,56.68
148,70.48
149,67.25
150,62.95
151,36.14
152,33.82
153,37.15
154,33.21
155,26.32
156,17.15
157,23.48
158,22.79
159,28.08
160,29.39
161,37.26
162,32.29
163,47.57
164,44.55
165,42.33
166,36.71
167,35.63
168,35.25
169,38.78
170,33.57
171,27.2
172,8.71
173,17.87
174,20.52
175,14.69
176,16.61
177,9.39
178,8.07
179,5.73
180,31.32
181,36.82
182,32.91
183,35.1
184,51.13
185,52.0
186,60.79
187,75.72
188,97.05
189,90.0
190,80.92
191,79.35
192,82.75
193,81.82
194,77.21
195,72.42
196,67.38
197,50.27
198,51.11
199,54.28
200,66.67
201,53.03
202,39.35
203,55.52
204,55.86
205,37.59
206,41.16
207,40.84
208,53.96
209,48.12
210,56.71
211,63.9
212,57.05
213,59.19
214,78.69
215,86.02
216,91.91
217,89.42
218,88.58
219,78.66
220,77.5
221,68.63
222,59.57
223,66.96
224,72.95
225,57.03
226,41.28
227,49.61
228,47.61
229,36.54
230,51.76
231,64.1
232,58.02
233,52.64
234,45.15
235,53.41
236,46.2
237,40.39
238,48.35
239,43.99
240,34.82
241,40.87
242,38.86
243,56.43
244,56.1
245,58.4
246,79.07
247,75.48
248,60.15
249,58.4
250,61.19
251,78.88
252,64.05
253,63.79
254,51.18
255,50.0
256,42.18
257,43.82
258,46.28
259,25.6
260,25.82
261,26.77
262,25.36
263,34.91
264,34.33
265,39.93
266,46.27
267,24.47
268,43.9
269,47.84
270,46.95
271,38.73
272,32.3
273,28.17
274,26.71
275,35.28
276,54.08
277,46.28
278,44.14
279,46.58
280,55.84
281,60.82
282,50.28
283,62.12
284,42.09
285,40.94
286,50.97
287,44.96
288,47.7
289,51.11
290,61.02
291,77.29
292,71.52
293,90.56
294,86.36
295,84.01
296,86.34
297,85.81
298,77.78
299,68.85
300,57.16
301,68.34
302,63.37
303,43.95
304,40.34
305,35.74
306,28.03
307,40.98
308,42.07
309,39.37
310,29.96
311,17.94
312,23.81
313,20.77
314,21.97
315,38.1
316,15.62
317,34.55
318,20.58
319,28.9
320,28.25
321,49.74
322,51.07
323,48.72
324,49.24
325,44.52
326,35.75
327,42.9
328,37.66
329,32.16
330,5.8
331,18.48
332,30.64
333,26.74
334,28.74
335,24.24
336,26.02
337,47.5
338,51.24
339,45.91
340,49.83
341,53.22
342,53.04
343,58.72
344,69.96
345,66.25
346,48.57
347,55.16
348,72.25
349,53.98
350,40.66
351,37.88
352,29.97
353,22.87
354,26.59
355,21.54
356,22.78
357,19.74
358,18.07
359,14.77
360,20.98
361,18.55
362,25.0
363,22.84
364,30.2
365,46.53
366,47.07
367,45.12
368,40.48
369,35.58
370,41.52
371,30.43
372,33.41
373,43.0
374,26.55
375,15.65
376,16.24
377,22.84
378,24.86
379,47.75
380,51.59
381,42.93
382,27.26
383,31.52
384,33.28
385,40.18
386,33.5
387,34.16
388,9.33
389,8.27
390,8.17
391,8.89
392,28.27
393,28.57
394,33.04
395,47.82
396,50.21
397,57.83
398,59.78
399,61.54
400,59.26
401,54.67
402,60.56
403,63.11
404,54.38
405,48.96
406,43.4
407,59.58
408,69.3
409,82.72
410,81.87
411,74.24
412,70.39
413,72.05
414,64.21
415,74.75
416,58.71
417,44.0
418,45.0
419,30.38
420,32.19
421,15.06
422,17.95
423,20.36
424,23.89
425,31.51
426,46.97
427,44.17
428,39.09
429,41.71
430,60.14
431,38.63
432,38.04
433,21.2
434,20.55
435,8.78
436,8.13
437,27.19
438,34.19
439,26.85
440,28.84
441,47.22
442,46.73
443,42.22
444,42.04
445,40.98
446,38.03
447,28.73
448,43.63
449,55.82
450,46.27
451,64.56
452,61.12
453,68.73
454,76.14
455,76.59
456,83.36
457,81.38
458,65.74
459,69.02
460,53.51
461,59.08
462,55.76
463,51.18
464,49.87
465,58.47
466,58.36
467,75.64
468,52.15
469,49.87
470,48.14
471,47.49
472,50.13
473,52.0
474,50.77
475,43.0
476,34.63
477,59.09
478,73.53
479,79.48
480,77.95
481,63.17
482,66.43
483,64.88
484,68.56
485,69.45
486,52.89
487,38.93
488,37.06
489,40.3
490,37.57
491,26.09
492,24.57
493,25.71
494,21.49
495,42.89
496,41.69
497,41.69
498,35.95
499,51.01
500,46.58
501,43.13
502,42.86
503,40.54
504,25.28
505,30.29
506,59.74
507,66.11
508,70.6
509,66.16
510,60.16
511,66.19
512,81.2
513,79.88
514,80.18
515,60.71
516,55.0
517,31.05
518,33.33
519,32.52
520,9.09
521,14.63
522,10.68
523,6.61
524,14.44
525,20.73
526,19.27
527,28.97
528,35.71
529,36.32
530,31.22
531,38.21
532,39.63
533,38.29
534,30.38
535,33.68
536,19.57
537,35.27
538,44.12
539,54.76
540,54.21
541,55.71
542,57.48
543,51.64
544,64.74
545,54.99
546,50.78
547,49.84
548,39.19
549,35.15
550,44.34
551,34.26
552,47.26
553,31.5
554,33.23
555,28.9
556,46.19
557,49.36
558,67.79
559,67.2
560,73.9
561,72.77
562,92.06
563,78.6
564,79.21
565,69.18
566,68.46
567,50.75
568,36.95
569,39.67
570,50.76
571,42.43
572,60.2
573,53.58
574,58.1
575,49.49
576,55.85
577,67.07
578,70.82
579,64.35
580,54.01
581,58.42
582,60.53
583,67.12
584,78.92
585,70.99
586,65.39
587,64.4
588,62.33
589,74.75
590,68.63
591,73.15
592,64.14
593,64.44
594,67.25
595,70.0
596,68.12
597,73.06
598,71.31
599,69.65
600,66.23
601,65.38
602,41.46
603,42.65
604,51.18
605,48.76
606,38.0
607,41.87
608,57.31
609,54.81
610,54.13
611,88.63
612,94.95
613,95.07
614,95.49
615,95.7
616,91.12
617,72.73
618,75.65
619,81.79
620,78.76
621,65.25
622,71.92
623,66.67
624,63.35
625,54.6
626,65.94
627,46.73
628,39.89
629,33.06
630,46.32
631,24.96
632,24.7
633,32.53
634,48.56
635,38.46
636,63.11
637,65.03
638,67.37
639,53.12
640,64.55
641,66.76
642,62.08
643,51.32
644,48.9
645,41.37
646,30.84
647,41.01
648,49.08
649,37.22
650,46.13
651,45.54
652,46.13
653,54.37
654,48.94
655,51.34
656,43.23
657,29.41
658,38.49
659,31.22
660,36.67
661,43.35
662,52.71
663,46.64
664,56.85
665,58.23
666,89.45
667,89.18
668,78.49
669,78.24
670,61.54
671,54.55
672,64.24
673,61.43
674,64.24
675,62.5
676,62.5
677,77.38
678,78.41
679,100.0
680,85.19
681,87.23
682,76.53
683,60.52
684,58.18
685,55.77
686,41.76
687,52.25
688,49.12
689,63.6
690,58.33
691,47.93
692,59.97
693,43.68
694,37.87
695,37.98
696,33.8
697,30.66
698,38.21
699,39.86
700,54.04
701,54.42
702,69.74
703,77.09
704,81.88
705,79.59
706,95.91
707,93.66
708,85.21
709,83.2
710,55.63
711,59.64
712,60.37
713,42.08
714,38.12
715,34.9
716,31.69
717,50.22
718,47.2
719,62.15
720,55.63
721,63.19
722,86.55
723,93.1
724,93.85
725,74.84
726,52.5
727,49.14
728,61.18
729,61.18
730,43.79
731,40.44
732,31.22
733,35.04
734,34.45
735,41.6
736,52.6
737,47.1
738,49.07
739,58.26
740,62.67
741,81.94
742,75.74
743,87.93
744,88.0
745,66.89
746,69.33
747,54.1
748,52.0
749,63.43
750,55.87
751,51.81
752,59.52
753,57.92
754,75.22
755,72.34
756,87.28
757,87.43
758,81.68
759,80.8
760,98.75
761,98.52
762,98.53
763,91.01
764,93.83
765,93.98
766,94.44
767,96.2
768,77.32
769,74.12
770,63.64
771,68.28
772,71.18
773,67.65
774,64.04
775,62.37
776,65.57
777,76.37
778,64.63
779,84.38
780,61.31
781,46.72
782,43.23
783,44.39
784,47.46
785,37.5
786,33.05
787,38.1
788,36.44
789,47.25
790,69.72
791,76.88
792,70.79
793,60.98
794,64.42
795,81.55
796,72.81
797,59.02
798,53.89
799,46.91
800,28.1
801,39.61
802,46.27
803,44.62
804,48.57
805,46.9
806,55.15
807,65.44
808,75.74
809,55.98
810,46.2
811,32.31
812,25.16
813,27.69
814,25.64
815,28.49
816,34.75
817,32.73
818,36.36
819,28.93
820,34.32
821,41.03
822,41.59
823,49.81
824,56.72
825,51.65
826,50.55
827,59.1
828,94.52
829,98.31
830,92.77
831,86.07
832,81.6
833,76.65
834,52.11
835,54.42
836,41.5
837,42.08
838,33.71
839,24.9
840,34.98
841,48.22
842,47.02
843,57.96
844,56.9
845,48.92
846,35.71
847,32.15
848,51.09
849,44.26
850,36.15
851,27.73
852,21.85
853,18.86
854,30.89
855,40.32
856,41.91
857,34.08
858,30.13
859,28.47
860,30.77
861,45.41
862,60.11
863,55.35
864,63.96
865,73.3
866,76.17
867,87.17
868,86.13
869,93.12
870,93.21
871,72.96
872,75.12
873,75.58
874,74.76
875,57.78
876,63.83
877,63.04
878,53.11
879,55.86
880,64.29
881,57.59
882,37.06
883,33.96
884,55.0
885,59.62
886,55.69
887,63.27
888,46.46
889,53.96
890,61.44
891,46.67
892,46.53
893,38.38
894,18.82
895,25.13
896,24.48
897,29.57
898,24.28
899,16.56
900,23.21
901,18.44
902,18.84
903,22.22
904,42.41
905,31.16
906,32.73
907,27.6
908,25.68
909,36.75
910,43.94
911,48.21
912,51.69
913,44.4
914,57.54
915,53.89
916,43.27
917,34.88
918,24.66
919,35.14
920,29.75
921,24.04
922,21.86
923,36.43
924,41.03
925,61.27
926,73.42
927,76.14
928,67.7
929,69.0
930,88.83
931,88.44
932,86.39
933,67.39
934,62.03
935,69.87
936,73.45
937,69.52
938,71.07
939,69.68
940,64.32
941,59.79
942,77.71
943,77.46
944,76.92
945,50.97
946,62.67
947,61.93
948,50.0
949,60.89
950,45.68
951,34.63
952,34.31
953,28.46
954,39.81
955,41.79
956,38.1
957,58.59
958,56.73
959,74.48
960,86.6
961,68.02
962,64.26
963,63.95
964,56.44
965,47.92
966,23.58
967,27.39
968,31.64
969,20.82
970,24.24
971,36.87
972,25.81
973,27.0
974,49.43
975,65.7
976,64.42
977,63.32
978,74.44
979,76.5
980,79.68
981,98.5
982,99.66
983,97.41
984,92.02
985,91.62
986,92.65
987,93.7
988,94.4
989,78.76
990,74.87
991,70.91
992,55.45
993,62.22
994,62.72
995,58.13
996,53.8
997,40.57
998,46.24
999,54.95
1000,54.95
1001,69.32
1002,64.71
1003,48.45
1004,51.92
1005,52.15
1006,65.9
1007,75.36
1008,67.92
1009,67.92
1010,69.23
1011,51.14
1012,71.17
1013,72.81
1014,72.02
1015,71.74
1016,59.52
1017,62.34
1018,62.94
1019,60.69
1020,82.09
1021,60.56
1022,29.52
1023,20.0
1024,26.73
1025,27.41
1026,25.13
1027,19.44
1028,25.34
1029,21.96
1030,31.85
1031,54.04
1032,50.2
1033,41.0
1034,37.54
1035,31.25
1036,38.82
1037,38.82
1038,47.09
1039,41.0
1040,34.44
1041,57.14
1042,72.48
1043,81.82
1044,91.33
1045,87.8
1046,87.18
1047,69.52
1048,71.64
1049,73.49
1050,68.09
1051,68.42
1052,73.86
1053,48.78
1054,51.83
1055,34.65
1056,49.78
1057,53.53
1058,54.1
1059,48.35
1060,49.46
1061,49.29
1062,57.38
1063,64.86
1064,85.22
1065,75.58
1066,55.23
1067,47.55
1068,47.09
1069,47.85
1070,40.98
1071,34.39
1072,21.1
1073,20.7
1074,20.8
1075,21.35
1076,18.12
1077,23.1
1078,14.54
1079,15.16
1080,47.54
1081,43.32
1082,37.17
1083,43.23
1084,63.25
1085,66.3
1086,69.65
1087,55.0
1088,63.03
1089,55.17
1090,42.86
1091,36.78
1092,27.41
1093,25.32
1094,29.82
1095,20.16
1096,39.32
1097,37.62
1098,37.91
1099,39.28
1100,48.23
1101,49.72
1102,55.8
1103,53.98
1104,65.67
1105,59.65
1106,63.2
1107,55.64
1108,70.08
1109,56.47
1110,73.98
1111,50.63
1112,44.05
1113,50.78
1114,50.0
1115,57.86
1116,63.25
1117,58.63
1118,73.62
1119,67.78
1120,84.82
1121,90.64
1122,88.89
1123,70.0
1124,68.12
1125,67.72
1126,59.12
1127,52.2
1128,56.86
1129,54.37
1130,53.8
1131,48.41
1132,64.75
1133,56.64
1134,52.43
1135,76.09
1136,85.58
1137,78.88
1138,86.38
1139,84.06
1140,55.64
1141,43.13
1142,40.71
1143,50.22
1144,43.29
1145,23.45
1146,31.13
1147,40.16
1148,34.27
1149,48.94
1150,66.15
1151,69.26
1152,65.06
1153,70.49
1154,81.66
1155,79.34
1156,67.86
1157,88.4
1158,88.14
1159,68.24
1160,68.24
1161,61.18
1162,59.59
1163,60.67
1164,67.8
1165,60.3
1166,54.86
1167,58.85
1168,70.06
1169,51.06
1170,45.93
1171,42.79
1172,45.09
1173,36.55
1174,52.0
1175,43.56
1176,42.42
1177,29.08
1178,34.43
1179,40.33
1180,46.15
1181,36.77
1182,34.97
1183,20.0
1184,29.89
1185,14.61
1186,40.54
1187,34.88
1188,50.45
1189,48.11
1190,46.12
1191,59.55
1192,72.57
1193,66.37
1194,80.51
1195,74.64
1196,72.22
1197,57.78
1198,55.98
1199,63.16
1200,54.66
1201,41.92
1202,36.09
1203,28.29
1204,30.35
1205,37.36
1206,41.51
1207,44.3
1208,48.79
1209,45.34
1210,56.59
1211,51.05
1212,30.21
1213,26.96
1214,29.72
1215,24.7
1216,22.92
1217,8.56
1218,4.82
1219,20.91
1220,31.56
1221,33.33
1222,52.4
1223,38.74
1224,46.33
1225,56.83
1226,60.68
1227,59.14
1228,46.25
1229,52.43
1230,62.81
1231,53.03
1232,72.51
1233,72.99
1234,63.93
1235,67.66
1236,70.82
1237,89.86
1238,88.2
1239,86.45
1240,93.06
1241,75.0
1242,71.57
1243,83.94
1244,85.71
1245,87.85
1246,88.83
1247,87.98
1248,84.71
1249,87.01
1250,79.38
1251,75.52
1252,56.28
1253,63.13
1254,59.18
1255,51.61
1256,46.43
1257,40.21
1258,35.98
1259,47.85
1260,52.15
1261,72.22
1262,64.57
1263,55.07
1264,65.18
1265,52.34
1266,64.01
1267,68.19
1268,70.61
1269,70.04
1270,44.21
1271,39.29
1272,38.32
1273,25.25
1274,56.81
1275,60.68
1276,59.83
1277,63.05
1278,64.34
1279,80.19
1280,81.08
1281,79.65
1282,86.54
1283,79.41
1284,63.43
1285,53.25
1286,44.62
1287,21.33
1288,26.22
1289,22.79
1290,26.56
1291,36.11
1292,45.67
1293,49.15
1294,49.79
1295,49.13
1296,57.36
1297,46.34
1298,48.36
1299,39.45
1300,43.01
1301,30.08
1302,33.33
1303,34.76
1304,43.28
1305,59.19
1306,72.34
1307,67.38
1308,83.07
1309,71.25
1310,79.78
1311,75.0
1312,80.79
1313,74.05
1314,50.31
1315,50.31
1316,53.29
1317,47.37
1318,43.78
1319,32.12
1320,36.97
1321,27.17
1322,40.18
1323,53.19
1324,56.44
1325,61.09
1326,68.72
1327,80.87
1328,85.85
1329,73.73
1330,86.32
1331,78.61
1332,77.95
1333,66.67
1334,48.47
1335,54.1
1336,47.0
1337,39.74
1338,47.33
1339,50.36
1340,60.0
1341,56.46
1342,42.78
1343,53.61
1344,32.42
1345,36.52
1346,35.52
1347,35.91
1348,48.9
1349,46.54
1350,49.54
1351,65.85
1352,60.71
1353,71.83
1354,69.57
1355,76.43
1356,79.49
1357,40.0
1358,54.01
1359,43.79
1360,50.0
1361,63.81
1362,68.02
1363,69.95
1364,63.78
1365,46.53
1366,40.14
1367,33.85
1368,35.8
1369,20.73
1370,6.58
1371,15.55
1372,12.11
1373,11.11
1374,21.57
1375,39.48
1376,41.99
1377,41.76
1378,44.71
1379,54.95
1380,57.73
1381,64.46
1382,58.5
1383,52.49
1384,38.89
1385,33.73
1386,33.04
1387,35.31
1388,19.7
1389,14.52
1390,34.57
1391,40.04
1392,40.11
1393,47.85
1394,53.46
1395,52.73
1396,62.26
1397,78.23
1398,63.67
1399,50.73
1400,71.39
1401,71.99
1402,73.58
1403,62.24
1404,68.9
1405,62.5
1406,61.13
1407,73.21
1408,56.91
1409,25.69
1410,24.92
1411,15.13
1412,23.85
1413,37.14
1414,36.91
1415,31.41
1416,42.93
1417,51.72
1418,67.11
1419,71.13
1420,76.92
1421,72.93
1422,60.67
1423,72.73
1424,85.71
1425,74.34
1426,64.24
1427,54.22
1428,49.18
1429,38.41
1430,37.66
1431,44.93
1432,54.22
1433,61.81
1434,64.85
1435,73.46
1436,74.52
1437,82.45
1438,73.54
1439,75.96
1440,76.22
1441,71.05
1442,60.71
1443,57.69
1444,46.34
1445,72.53
1446,77.14
1447,85.26
1448,60.0
1449,48.39
1450,43.66
1451,43.66
1452,58.97
1453,61.54
1454,56.04
1455,57.33
1456,67.56
1457,78.76
1458,92.15
1459,80.39
1460,73.61
1461,71.78
1462,75.32
1463,75.54
1464,72.5
1465,62.71
1466,60.99
1467,57.99
1468,77.45
1469,85.28
1470,77.71
1471,70.16
1472,70.63
1473,67.94
1474,79.53
1475,90.74
1476,90.68
1477,72.88
1478,71.17
1479,78.18
1480,78.38
1481,81.25
1482,87.59
1483,84.26
1484,84.82
1485,62.96
1486,68.55
1487,67.77
1488,48.39
1489,45.28
1490,33.33
1491,48.96
1492,49.74
1493,48.42
1494,49.2
1495,51.63
1496,54.82
1497,75.38
1498,79.8
1499,85.44
1500,78.77
1501,75.59
1502,74.38
1503,99.0
1504,94.12
1505,45.11
1506,38.79
1507,50.73
1508,47.94
1509,45.81
1510,54.55
1511,58.02
1512,54.79
1513,51.07
1514,77.89
1515,77.66
1516,65.0
1517,65.73
1518,78.33
1519,73.99
1520,74.0
1521,79.05
1522,91.41
1523,77.24
1524,56.97
1525,66.67
1526,70.78
1527,58.38
1528,49.75
1529,39.25
1530,40.84
1531,33.77
1532,43.78
1533,50.25
1534,45.41
1535,43.26
1536,56.86
1537,60.73
1538,65.91
1539,56.15
1540,75.8
1541,60.9
1542,68.07
1543,72.54
1544,48.51
1545,36.95
1546,37.5
1547,45.89
1548,57.96
1549,60.69
1550,67.74
1551,65.67
1552,57.29
1553,89.55
1554,89.55
1555,69.36
1556,54.94
1557,57.56
1558,58.76
1559,57.56
1560,56.14
1561,59.44
1562,55.43
1563,56.07
1564,64.24
1565,71.32
1566,15.99
1567,20.71
1568,18.86
1569,15.53
1570,11.75
1571,26.62
1572,26.43
1573,33.22
1574,33.62
1575,56.55
1576,35.84
1577,42.89
1578,53.13
1579,64.4
1580,62.78
1581,67.85
1582,71.24
1583,71.16
1584,71.16
1585,97.46
1586,89.84
1587,76.03
1588,75.13
1589,65.2
1590,60.77
1591,52.98
1592,54.49
1593,56.97
1594,61.21
1595,70.39
1596,77.54
1597,80.38
1598,83.33
1599,86.9
1600,83.96
1601,83.96
1602,82.35
1603,85.98
1604,78.41
1605,90.4
1606,91.32
1607,90.69
1608,85.33
1609,60.0
1610,62.38
1611,67.66
1612,64.32
1613,73.85
1614,73.73
1615,63.07
1616,64.09
1617,47.74
1618,69.71
1619,63.45
1620,57.28
1621,59.07
1622,50.99
1623,60.87
1624,62.86
1625,58.02
1626,79.33
1627,49.18
1628,58.85
1629,63.21
1630,64.55
1631,66.67
1632,62.23
1633,62.83
1634,58.25
1635,43.43
1636,36.39
1637,45.12
1638,43.48
1639,29.08
1640,42.68
1641,43.97
1642,47.65
1643,54.5
1644,63.32
1645,66.17
1646,63.0
1647,54.18
1648,59.4
1649,41.32
1650,47.48
1651,42.11
1652,34.2
1653,41.74
1654,54.14
1655,53.76
1656,64.77
1657,53.61
1658,69.5
1659,70.7
1660,73.42
1661,74.65
1662,68.44
1663,63.37
1664,61.86
1665,51.43
1666,71.01
1667,44.97
1668,25.0
1669,11.9
1670,9.05
1671,23.29
1672,21.15
1673,22.6
1674,30.33
1675,22.89
1676,35.87
1677,39.76
1678,54.19
1679,50.0
1680,42.22
1681,48.02
1682,40.55
1683,32.95
1684,44.51
1685,44.76
1686,39.23
1687,30.13
1688,54.99
1689,57.52
1690,62.28
1691,66.28
1692,59.83
1693,64.86
1694,54.94
1695,60.61
1696,63.8
1697,52.83
1698,54.73
1699,41.53
1700,44.47
1701,64.74
1702,55.76
1703,61.99
1704,54.98
1705,41.99
1706,70.14
1707,71.65
1708,79.13
1709,84.84
1710,80.65
1711,77.61
1712,77.26
1713,79.09
1714,80.27
1715,73.93
1716,68.52
1717,74.12
1718,68.1
1719,78.26
1720,72.73
1721,74.84
1722,69.1
1723,67.75
1724,63.33
1725,53.61
1726,48.17
1727,50.14
1728,34.91
1729,24.67
1730,20.61
1731,29.37
1732,30.56
1733,26.43
1734,41.8
1735,49.75
1736,42.22
1737,53.46
1738,54.26
1739,51.79
1740,41.03
1741,51.18
1742,37.33
1743,28.59
1744,23.33
1745,22.84
1746,32.08
1747,38.65
1748,33.88
1749,37.05
1750,25.42
1751,37.26
1752,32.53
1753,35.07
1754,45.59
1755,45.93
1756,47.87
1757,58.89
1758,55.06
1759,59.18
1760,63.18
1761,80.37
1762,85.13
1763,84.49
1764,52.87
1765,56.61
1766,51.61
1767,47.39
1768,44.52
1769,38.7
1770,27.62
1771,33.27
1772,32.98
1773,62.93
1774,49.81
1775,49.06
1776,53.83
1777,55.08
1778,51.38
1779,39.16
1780,34.2
1781,23.67
1782,11.55
1783,20.68
1784,19.21
1785,28.16
1786,25.52
1787,23.43
1788,23.36
1789,21.57
1790,22.71
1791,30.39
1792,30.88
1793,30.04
1794,32.94
1795,42.26
1796,42.39
1797,62.4
1798,71.98
1799,71.0
1800,50.52
1801,43.5
1802,51.91
1803,42.06
1804,42.25
1805,49.76
1806,44.3
1807,32.77
1808,38.1
1809,57.27
1810,69.46
1811,54.43
1812,66.89
1813,70.13
1814,70.0
1815,61.84
1816,60.14
1817,40.65
1818,38.65
1819,34.76
1820,44.33
1821,30.29
1822,17.05
1823,7.36
1824,33.58
1825,33.62
1826,43.62
1827,37.5
1828,35.74
1829,49.3
1830,47.86
1831,52.34
1832,65.67
1833,57.09
1834,56.65
1835,54.18
1836,57.37
1837,62.75
1838,61.11
1839,76.36
1840,76.08
1841,61.58
1842,61.69
1843,73.99
1844,69.3
1845,80.92
1846,56.18
1847,11.33
1848,18.18
1849,48.57
1850,50.14
1851,57.66
1852,58.48
1853,60.41
1854,58.02
1855,82.17
1856,88.56
1857,87.96
1858,69.38
1859,62.22
1860,67.8
1861,69.64
1862,69.64
1863,76.32
1864,54.71
1865,47.24
1866,45.43
1867,56.59
1868,59.64
1869,47.49
1870,55.01
1871,60.8
1872,56.21
1873,68.78
1874,50.62
1875,52.73
1876,30.89
1877,39.25
1878,41.6
1879,34.49
1880,35.61
1881,27.59
1882,29.14
1883,38.93
1884,56.15
1885,44.33
1886,40.86
1887,34.9
1888,26.34
1889,27.72
1890,39.63
1891,41.91
1892,40.11
1893,21.62
1894,37.42
1895,33.68
1896,28.41
1897,35.59
1898,37.15
1899,10.96
1900,10.23
1901,11.96
1902,19.52
1903,12.77
1904,11.62
1905,30.65
1906,25.54
1907,25.27
1908,30.42
1909,28.66
1910,24.64
1911,35.97
1912,46.92
1913,52.99
1914,45.11
1915,61.69
1916,62.28
1917,55.47
1918,60.94
1919,59.92
1920,58.96
1921,62.38
1922,52.37
1923,49.56
1924,40.99
1925,50.15
1926,61.85
1927,54.36
1928,66.96
1929,63.97
1930,52.32
1931,56.51
1932,62.23
1933,69.39
1934,49.57
1935,42.22
1936,52.63
1937,40.35
1938,42.98
1939,37.86
1940,43.7
1941,44.25
1942,49.22
1943,50.23
1944,53.9
1945,50.76
1946,35.61
1947,29.21
1948,50.2
1949,35.75
1950,34.3
1951,35.03
1952,41.46
1953,30.02
1954,36.26
1955,34.0
1956,42.08
1957,51.89
1958,48.18
1959,43.75
1960,41.9
1961,44.13
1962,53.13
1963,37.68
1964,51.07
1965,45.72
1966,25.06
1967,29.79
1968,26.88
1969,21.69
1970,15.3
1971,12.48
1972,15.31
1973,31.15
1974,30.1
1975,26.6
1976,33.08
1977,36.6
1978,48.33
1979,47.65
1980,48.92
1981,52.74
1982,29.36
1983,28.08
1984,54.59
1985,48.06
1986,53.61
1987,46.55
1988,51.67
1989,67.63
1990,56.73
1991,55.98
1992,65.74
1993,46.3
1994,43.2
1995,28.82
1996,40.2
1997,34.46
1998,26.52
1999,34.47
2000,34.41
2001,21.3
2002,31.84
2003,44.14
2004,49.96
2005,46.73
2006,43.52
2007,49.73
2008,50.26
2009,55.05
2010,70.22
2011,69.06
2012,58.14
2013,58.3
2014,47.69
2015,69.06
2016,57.4
2017,62.2
2018,66.43
2019,57.35
2020,44.23
2021,43.15
2022,36.67
2023,47.68
2024,43.54
2025,56.0
2026,54.92
2027,60.13
2028,66.06
2029,56.04
2030,65.92
2031,61.25
2032,49.61
2033,49.21
2034,32.3
2035,6.98
2036,13.26
2037,7.65
2038,27.54
2039,24.96
2040,28.32
2041,35.97
2042,39.61
2043,61.01
2044,51.01
2045,42.92
2046,55.36
2047,47.84
2048,51.89
2049,57.02
2050,63.12
2051,59.52
2052,34.22
2053,45.18
2054,56.47
2055,49.46
2056,33.45
2057,32.46
2058,26.98
2059,7.38
2060,6.2
2061,26.27
2062,22.11
2063,18.13
2064,17.82
2065,18.63
2066,17.27
2067,27.32
2068,25.3
2069,30.43
2070,15.46
2071,36.38
2072,40.28
2073,54.92
2074,67.1
2075,74.68
2076,75.13
2077,90.86
2078,83.62
2079,91.42
2080,90.58
2081,80.97
2082,76.33
2083,78.84
2084,72.38
2085,51.94
2086,49.72
2087,59.03
2088,64.44
2089,58.5
2090,60.15
2091,51.99
2092,48.23
2093,61.93
2094,78.41
2095,68.06
2096,66.39
2097,62.21
2098,62.3
2099,50.96
2100,63.11
2101,55.53
2102,48.34
2103,54.84
2104,56.6
2105,51.33
2106,52.98
2107,51.33
2108,72.87
2109,75.94
2110,84.64
2111,84.95
2112,72.38
2113,84.52
2114,76.2
2115,70.03
2116,56.64
2117,55.97
2118,39.35
2119,51.51
2120,44.77
2121,46.46
2122,30.54
2123,35.09
2124,50.98
2125,53.75
2126,57.38
2127,65.7
2128,64.75
2129,66.14
2130,63.71
2131,72.85
2132,75.34
2133,67.14
2134,82.64
2135,79.34
2136,74.49
2137,59.35
2138,30.41
2139,29.95
2140,14.04
2141,27.59
2142,39.02
2143,22.96
2144,23.57
2145,28.28
2146,37.93
2147,45.17
2148,54.92
2149,52.95
2150,50.8
2151,35.17
2152,54.64
2153,43.89
2154,36.18
2155,24.83
2156,24.1
2157,35.81
2158,42.31
2159,53.54
2160,72.25
2161,71.96
2162,88.64
2163,94.68
2164,90.06
2165,96.11
2166,95.57
2167,95.38
2168,87.64
2169,84.28
2170,85.77
2171,83.18
2172,86.21
2173,92.34
2174,81.91
2175,68.45
2176,73.66
2177,79.72
2178,63.53
2179,64.6
2180,68.71
2181,53.62
2182,35.68
2183,44.36
2184,50.99
2185,49.1
2186,57.57
2187,65.22
2188,62.4
2189,57.77
2190,64.69
2191,95.39
2192,79.8
2193,49.62
2194,41.39
2195,25.52
2196,41.18
2197,49.28
2198,53.8
2199,57.58
2200,58.64
2201,67.71
2202,95.74
2203,99.66
2204,98.88
2205,98.73
2206,80.01
2207,79.76
2208,65.03
2209,51.91
2210,44.9
2211,55.18
2212,40.65
2213,39.95
2214,26.45
2215,28.05
2216,34.03
2217,44.75
2218,55.12
2219,61.7
2220,55.39
2221,60.12
2222,59.4
2223,89.0
2224,96.26
2225,84.21
2226,83.46
2227,80.0
2228,61.63
2229,66.31
2230,53.44
2231,48.72
2232,31.77
2233,22.96
2234,40.68
2235,27.61
2236,31.16
2237,35.53
2238,31.42
2239,44.28
2240,49.89
2241,61.81
2242,74.21
2243,68.94
2244,87.54
2245,87.23
2246,89.09
2247,88.54
2248,85.77
2249,68.79
2250,48.36
2251,58.8
2252,55.34
2253,68.05
2254,52.31
2255,51.62
2256,50.36
2257,43.23
2258,59.39
2259,59.39
2260,40.61
2261,45.19
2262,45.54
2263,59.43
2264,54.03
2265,50.57
2266,60.78
2267,42.44
2268,48.83
2269,67.98
2270,67.82
2271,64.67
2272,65.79
2273,59.54
2274,67.1
2275,50.26
2276,77.17
2277,77.22
2278,74.87
2279,74.49
2280,75.49
2281,71.91
2282,61.84
2283,66.53
2284,83.5
2285,53.76
2286,61.95
2287,50.74
2288,34.59
2289,25.25
2290,25.61
2291,26.45
2292,26.26
2293,20.14
2294,20.94
2295,22.58
2296,32.95
2297,41.52
2298,35.41
2299,33.75
2300,34.26
2301,36.19
2302,41.11
2303,53.17
2304,45.54
2305,47.63
2306,51.67
2307,85.71
2308,88.75
2309,94.78
2310,76.96
2311,83.13
2312,76.41
2313,75.79
2314,74.01
2315,71.95
2316,68.06
2317,70.51
2318,77.88
2319,97.04
2320,96.84
2321,100.0
2322,100.0
2323,100.0
2324,97.12
2325,97.67
2326,97.8
2327,96.83
2328,97.36
2329,73.68
2330,74.92
2331,64.61
2332,61.76
2333,63.62
2334,60.36
2335,54.79
2336,49.13
2337,50.89
2338,74.42
2339,71.24
2340,68.12
2341,74.42
2342,78.43
2343,75.96
2344,75.82
2345,87.67
2346,86.01
2347,56.33
2348,58.16
2349,71.03
2350,63.24
2351,58.3
2352,64.91
2353,60.93
2354,34.73
2355,39.78
2356,58.57
2357,44.23
2358,46.79
2359,39.23
2360,36.25
2361,23.33
2362,21.84
2363,43.94
2364,40.43
2365,41.1
2366,42.99
2367,33.97
2368,38.95
2369,37.38
2370,45.73
2371,39.18
2372,23.53
2373,22.03
2374,12.72
2375,12.84
2376,38.33
2377,35.49
2378,34.78
2379,46.32
2380,61.39
2381,44.56
2382,43.41
2383,46.26
2384,48.36
2385,44.75
2386,50.24
2387,57.53
2388,56.19
2389,54.07
2390,76.8
2391,95.21
2392,83.98
2393,69.09
2394,52.82
2395,37.97
2396,40.27
2397,15.54
2398,9.37
2399,6.6
2400,4.03
2401,4.06
2402,15.04
2403,38.86
2404,48.51
2405,49.05
2406,52.31
2407,78.24
2408,86.24
2409,90.56
2410,73.27
2411,70.68
2412,63.52
2413,48.24
2414,57.38
2415,60.71
2416,59.16
2417,59.26
2418,54.94
2419,68.09
2420,68.25
2421,70.52
2422,80.39
2423,75.61
2424,69.17
2425,59.09
2426,62.18
2427,65.78
2428,43.02
2429,39.5
2430,17.44
2431,19.56
2432,25.85
2433,25.42
2434,22.03
2435,16.0
2436,16.2
2437,21.22
2438,29.46
2439,26.59
2440,42.18
2441,25.96
2442,29.19
2443,54.75
2444,58.21
2445,65.02
2446,66.87
2447,67.72
2448,74.11
2449,71.3
2450,87.84
2451,86.99
2452,81.65
2453,80.0
2454,76.01
2455,98.92
2456,94.38
2457,82.63
2458,62.29
2459,70.0
2460,64.17
2461,63.56
2462,61.47
2463,54.78
2464,54.89
2465,50.0
2466,65.72
2467,74.74
2468,63.45
2469,73.82
2470,72.53
2471,75.0
2472,85.71
2473,82.72
2474,98.2
2475,97.0
2476,60.39
2477,68.72
2478,66.67
2479,68.88
2480,68.72
2481,60.9
2482,56.21
2483,55.15
2484,51.95
2485,85.32
2486,84.62
2487,86.44
2488,91.26
2489,91.53
2490,87.82
2491,79.72
2492,80.62
2493,76.37
2494,58.74
2495,52.42
2496,35.67
2497,15.83
2498,34.2
2499,35.55
2500,40.23
2501,28.53
2502,42.64
2503,45.16
2504,41.85
2505,64.34
2506,68.97
2507,62.91
2508,61.79
2509,62.41
2510,78.86
2511,74.83
2512,88.11
2513,97.68
2514,96.27
2515,76.64
2516,80.77
2517,81.65
2518,78.12
2519,80.56
2520,80.28
2521,70.69
2522,70.69
2523,70.94
2524,85.71
2525,76.19
2526,74.94
2527,86.92
2528,81.52
2529,83.5
2530,83.5
2531,75.22
2532,69.49
2533,72.52
2534,82.58
2535,81.22
2536,79.39
2537,81.72
2538,56.0
2539,55.26
2540,60.61
2541,67.83
2542,64.05
2543,59.35
2544,63.55
2545,37.05
2546,41.86
2547,65.3
2548,64.89
2549,64.78
2550,62.54
2551,67.17
2552,67.17
2553,64.24
2554,90.21
2555,89.78
2556,84.25
2557,87.23
2558,88.39
2559,88.61
2560,87.41
2561,43.72
2562,39.3
2563,37.97
2564,44.26
2565,48.92
2566,37.89
2567,36.67
2568,46.71
2569,41.19
2570,47.49
2571,56.5
2572,55.63
2573,39.66
2574,41.87
2575,47.47
2576,39.2
2577,19.53
2578,30.94
2579,41.46
2580,38.66
2581,38.57
2582,48.89
2583,49.64
2584,57.44
2585,62.4
2586,84.89
2587,83.39
2588,75.89
2589,76.43
2590,82.8
2591,78.37
2592,73.63
2593,70.11
2594,75.0
2595,54.55
2596,28.57
2597,32.12
2598,19.83
2599,35.42
2600,24.88
2601,31.86
2602,49.83
2603,54.92
2604,58.06
2605,73.82
2606,77.0
2607,77.71
2608,76.62
2609,96.33
2610,86.55
2611,65.13
2612,53.7
2613,53.46
2614,51.67
2615,52.58
2616,37.35
2617,41.03
2618,35.11
2619,33.94
2620,38.1
2621,52.23
2622,54.46
2623,41.38
2624,28.25
2625,33.22
2626,27.7
2627,44.32
2628,53.69
2629,62.33
2630,35.9
2631,33.97
2632,33.16
2633,33.6
2634,34.16
2635,29.32
2636,29.69
2637,22.57
2638,13.38
2639,37.13
2640,28.54
2641,35.92
2642,47.08
2643,44.57
2644,55.1
2645,46.33
2646,54.3
2647,46.28
2648,42.73
2649,66.42
2650,68.64
2651,68.92
2652,77.98
2653,75.19
2654,81.28
2655,86.37
2656,88.97
2657,69.07
2658,58.1
2659,54.35
2660,44.93
2661,36.88
2662,29.34
2663,43.26
2664,33.33
2665,50.36
2666,63.89
2667,64.09
2668,58.09
2669,46.42
2670,41.08
2671,43.75
2672,25.3
2673,18.24
2674,7.07
2675,4.63
2676,4.83
2677,3.16
2678,25.78
2679,21.94
2680,32.63
2681,35.07
2682,42.71
2683,40.66
2684,48.44
2685,41.66
2686,52.47
2687,37.78
2688,59.43
2689,51.14
2690,43.99
2691,42.83
2692,54.31
2693,54.01
2694,74.71
2695,76.23
2696,62.89
2697,52.03
2698,57.99
2699,58.42
2700,44.92
2701,35.11
2702,39.29
2703,40.82
2704,52.88
2705,67.08
2706,60.85
2707,48.75
2708,39.83
2709,38.65
2710,39.05
2711,46.25
2712,44.33
2713,31.32
2714,31.94
2715,29.93
2716,24.68
2717,39.63
2718,52.98
2719,56.63
2720,49.04
2721,55.17
2722,60.79
2723,61.05
2724,72.5
2725,97.0
2726,78.85
2727,79.93
2728,67.38
2729,69.37
2730,66.86
2731,70.32
2732,58.45
2733,61.76
2734,66.49
2735,75.89
2736,57.69
2737,55.03
2738,56.55
2739,55.65
2740,51.15
2741,60.41
2742,61.09
2743,32.67
2744,37.5
2745,53.68
2746,59.3
2747,56.94
2748,41.39
2749,38.33
2750,35.45
2751,23.73
2752,31.7
2753,19.84
2754,23.99
2755,28.79
2756,47.78
2757,53.92
2758,60.03
2759,63.31
2760,74.57
2761,80.83
2762,77.74
2763,76.31
2764,63.2
2765,40.71
2766,36.81
2767,39.63
2768,36.81
2769,30.35
2770,41.79
2771,50.09
2772,46.33
2773,60.37
2774,65.25
2775,64.1
2776,66.32
2777,61.88
2778,81.88
2779,73.57
2780,73.48
2781,68.91
2782,63.44
2783,69.14
2784,90.7
2785,88.7
2786,93.45
2787,87.91
2788,92.09
2789,93.6
2790,93.45
2791,93.29
2792,91.13
2793,92.67
2794,80.13
2795,80.13
2796,73.37
2797,60.0
2798,63.91
2799,66.67
2800,76.92
2801,76.7
2802,75.26
2803,84.7
2804,90.4
2805,82.47
2806,86.22
2807,80.43
2808,70.1
2809,67.6
2810,70.85
2811,67.23
2812,59.78
2813,64.25
2814,75.71
2815,72.96
2816,77.78
2817,75.14
2818,73.65
2819,60.59
2820,54.84
2821,39.23
2822,42.55
2823,51.98
2824,53.12
2825,50.62
2826,66.41
2827,61.13
2828,68.23
2829,72.85
2830,94.6
2831,87.65
2832,80.1
2833,65.28
2834,68.22
2835,66.67
2836,59.76
2837,48.78
2838,43.7
2839,49.4
2840,59.19
2841,58.12
2842,52.79
2843,47.47
2844,20.8
2845,18.27
2846,26.98
2847,43.8
2848,33.33
2849,27.23
2850,39.67
2851,43.3
2852,42.27
2853,50.12
2854,52.97
2855,53.09
2856,50.68
2857,69.66
2858,71.17
2859,57.46
2860,66.18
2861,68.94
2862,57.19
2863,49.85
2864,47.4
2865,29.97
2866,17.2
2867,22.48
2868,21.75
2869,11.34
2870,10.99
2871,11.75
2872,12.07
2873,7.39
2874,29.79
2875,31.74
2876,27.73
2877,35.22
2878,38.76
2879,52.7
2880,43.99
2881,54.17
2882,43.06
2883,27.91
2884,36.19
2885,49.91
2886,47.82
2887,55.05
2888,40.5
2889,56.8
2890,52.16
2891,73.23
2892,74.37
2893,72.95
2894,67.33
2895,67.0
2896,45.64
2897,59.21
2898,40.6
2899,50.0
2900,46.17
2901,43.26
2902,56.1
2903,52.95
2904,54.4
2905,66.83
2906,62.03
2907,66.67
2908,63.17
2909,52.48
2910,65.35
2911,43.13
2912,50.66
2913,53.58
2914,63.46
2915,55.2
2916,54.73
2917,46.65
2918,52.9
2919,51.55
2920,64.58
2921,59.91
2922,53.35
2923,49.3
2924,51.83
2925,69.72
2926,79.8
2927,80.1
2928,75.74
2929,65.25
2930,68.64
2931,76.42
2932,81.0
2933,97.7
2934,96.15
2935,96.33
2936,92.77
2937,82.76
2938,79.75
2939,45.83
2940,59.12
2941,58.39
2942,55.48
2943,40.34
2944,25.83
2945,39.23
2946,42.61
2947,40.54
2948,75.2
2949,74.15
2950,63.18
2951,65.64
2952,69.85
2953,83.94
2954,84.03
2955,79.36
2956,80.22
2957,71.92
2958,68.94
2959,88.13
2960,65.56
2961,48.45
2962,26.82
2963,32.51
2964,31.72
2965,34.92
2966,38.06
2967,40.19
2968,42.51
2969,52.99
2970,60.68
2971,57.26
2972,37.23
2973,44.6
2974,36.52
2975,45.93
2976,52.9
2977,50.84
2978,47.48
2979,37.28
2980,46.79
2981,40.89
2982,39.06
2983,43.52
2984,34.27
2985,22.04
2986,30.09
2987,26.29
2988,42.11
2989,47.15
2990,40.78
2991,36.18
2992,34.67
2993,36.43
2994,34.35
2995,19.65
2996,22.81
2997,24.32
2998,30.79
2999,48.25
3000,59.7
3001,66.87
3002,61.36
3003,70.69
3004,90.35
3005,90.94
3006,80.98
3007,70.91
3008,70.37
3009,71.81
3010,64.25
3011,76.3
3012,77.22
3013,64.2
3014,53.61
3015,59.09
3016,72.5
3017,76.6
3018,66.33
3019,68.55
3020,52.34
3021,40.62
3022,41.27
3023,34.82
3024,51.72
3025,57.45
3026,52.5
3027,56.81
3028,53.55
3029,60.83
3030,67.71
3031,72.02
3032,91.11
3033,82.42
3034,62.79
3035,70.69
3036,75.71
3037,82.07
3038,93.06
3039,92.59
3040,90.24
3041,91.3
3042,100.0
3043,100.0
3044,80.2
3045,71.34
3046,77.07
3047,53.7
3048,61.98
3049,61.54
3050,57.6
3051,61.31
3052,56.56
3053,69.27
3054,72.43
3055,64.24
3056,89.83
3057,89.29
3058,50.26
3059,45.97
3060,51.69
3061,34.99
3062,36.47
3063,49.32
3064,47.64
3065,49.78
3066,48.99
3067,64.78
3068,69.49
3069,66.1
3070,96.28
3071,96.35
3072,87.69
3073,92.96
3074,93.36
3075,89.89
3076,60.21
3077,53.23
3078,55.87
3079,40.71
3080,46.83
3081,45.74
3082,50.88
3083,45.8
3084,51.06
3085,57.37
3086,66.67
3087,49.67
3088,60.76
3089,45.56
3090,58.09
3091,54.32
3092,64.69
3093,64.29
3094,65.03
3095,40.99
3096,58.05
3097,47.02
3098,45.89
3099,45.98
3100,47.6
3101,46.89
3102,45.23
3103,49.91
3104,64.6
3105,59.8
3106,78.64
3107,75.82
3108,76.25
3109,78.23
3110,74.84
3111,76.72
3112,76.86
3113,77.75
3114,75.86
3115,75.0
3116,94.64
3117,93.97
3118,82.64
3119,85.11
3120,83.85
3121,81.82
3122,74.41
3123,66.02
3124,65.61
3125,56.5
3126,42.93
3127,55.34
3128,22.13
3129,28.84
3130,25.8
3131,21.73
3132,35.39
3133,44.47
3134,44.21
3135,41.34
3136,32.74
3137,53.02
3138,45.51
3139,52.95
3140,66.29
3141,52.43
3142,35.19
3143,37.78
3144,33.86
3145,42.36
3146,38.13
3147,44.85
3148,37.65
3149,36.19
3150,42.01
3151,65.28
3152,64.69
3153,92.27
3154,91.1
3155,91.85
3156,90.73
3157,100.0
3158,91.88
3159,92.26
3160,90.49
3161,90.6
3162,89.08
3163,85.33
3164,67.52
3165,67.52
3166,63.04
3167,67.44
3168,65.29
3169,50.0
3170,63.35
3171,65.9
3172,66.67
3173,60.96
3174,54.07
3175,56.56
3176,53.19
3177,51.97
3178,59.03
3179,30.05
3180,14.65
3181,13.99
3182,14.49
3183,22.55
3184,12.94
3185,32.1
3186,36.44
3187,31.28
3188,26.58
3189,37.3
3190,42.28
3191,42.51
3192,43.88
3193,58.99
3194,48.86
3195,44.33
3196,59.37
3197,90.94
3198,91.24
3199,85.61
3200,93.54
3201,93.7
3202,92.92
3203,95.25
3204,94.92
3205,93.92
3206,55.94
3207,52.34
3208,50.45
3209,52.31
3210,43.07
3211,32.58
3212,29.17
3213,27.15
3214,21.78
3215,45.12
3216,37.47
3217,33.87
3218,29.02
3219,49.44
3220,59.08
3221,55.84
3222,53.41
3223,65.54
3224,65.41
3225,76.19
3226,87.9
3227,90.22
3228,79.33
3229,77.65
3230,77.72
3231,90.61
3232,88.89
3233,76.31
3234,61.51
3235,62.69
3236,60.89
3237,62.14
3238,63.49
3239,44.37
3240,53.74
3241,50.0
3242,52.74
3243,66.09
3244,68.03
3245,67.13
3246,68.48
3247,62.08
3248,75.75
3249,73.03
3250,75.47
3251,78.85
3252,72.46
3253,68.33
3254,57.14
3255,52.91
3256,57.39
3257,54.59
3258,60.56
3259,57.79
3260,50.46
3261,36.07
3262,31.66
3263,33.44
3264,46.84
3265,42.73
3266,62.19
3267,51.92
3268,50.7
3269,60.37
3270,82.13
3271,87.96
3272,86.36
3273,85.39
3274,78.04
3275,63.72
3276,60.89
3277,65.89
3278,59.07
3279,45.68
3280,51.38
3281,35.09
3282,44.87
3283,60.42
3284,57.05
3285,59.18
3286,55.72
3287,54.55
3288,44.51
3289,26.23
3290,30.52
3291,26.51
3292,16.14
3293,24.65
3294,24.04
3295,14.93
3296,20.71
3297,22.84
3298,43.95
3299,55.97
3300,52.36
3301,65.17
3302,63.47
3303,67.65
3304,100.0
3305,100.0
3306,88.63
3307,87.2
3308,79.64
3309,82.33
3310,76.95
3311,70.33
3312,72.45
3313,69.07
3314,53.87
3315,76.29
3316,73.31
3317,76.42
3318,73.02
3319,72.14
3320,64.95
3321,60.07
3322,43.73
3323,48.08
3324,39.78
3325,48.9
3326,40.46
3327,47.85
3328,52.12
3329,43.76
3330,46.82
3331,48.36
3332,50.2
3333,46.9
3334,47.35
3335,57.5
3336,54.16
3337,50.61
3338,55.59
3339,40.0
3340,51.3
3341,60.61
3342,41.73
3343,31.59
3344,31.35
3345,35.74
3346,40.87
3347,49.32
3348,60.0
3349,60.74
3350,53.55
3351,79.3
3352,81.64
3353,79.86
3354,76.76
3355,73.71
3356,70.47
3357,61.11
3358,52.38
3359,40.74
3360,51.09
3361,63.24
3362,59.04
3363,69.09
3364,66.17
3365,56.36
3366,45.08
3367,49.38
3368,61.84
3369,46.11
3370,56.69
3371,58.44
3372,52.45
3373,57.69
3374,63.38
3375,81.82
3376,80.86
3377,78.83
3378,99.54
3379,99.39
3380,99.49
3381,99.53
3382,99.4
3383,100.0
3384,83.33
3385,59.18
3386,62.96
3387,63.3
3388,64.13
3389,65.81
3390,59.39
3391,65.37
3392,51.72
3393,49.5
3394,63.87
3395,60.16
3396,61.65
3397,58.87
3398,57.32
3399,57.68
3400,52.78
3401,57.58
3402,75.81
3403,58.29
3404,62.79
3405,66.1
3406,62.6
3407,58.18
3408,40.4
3409,50.28
3410,53.43
3411,54.52
3412,64.02
3413,61.81
3414,50.32
3415,53.27
3416,42.63
3417,59.5
3418,21.75
3419,21.49
3420,25.71
3421,16.71
3422,18.12
3423,18.07
3424,29.61
3425,37.24
3426,35.56
3427,60.7
3428,68.23
3429,62.28
3430,84.28
3431,85.71
3432,96.43
3433,95.82
3434,92.66
3435,96.07
3436,95.36
3437,91.83
3438,93.17
3439,91.46
3440,84.09
3441,77.68
3442,68.13
3443,81.2
3444,60.0
3445,37.41
3446,47.4
3447,50.31
3448,32.46
3449,33.33
3450,50.62
3451,53.04
3452,54.86
3453,64.26
3454,48.01
3455,38.24
3456,47.36
3457,41.11
3458,47.15
3459,38.97
3460,36.96
3461,26.48
3462,22.58
3463,40.44
3464,43.56
3465,26.75
3466,50.09
3467,34.26
3468,29.8
3469,26.3
3470,33.12
3471,29.27
3472,23.0
3473,33.66
3474,43.65
3475,44.72
3476,50.0
3477,63.53
3478,76.74
3479,74.23
3480,90.44
3481,86.07
3482,84.79
3483,85.17
3484,80.17
3485,85.46
3486,84.4
3487,83.7
3488,84.33
3489,81.58
3490,90.03
3491,86.82
3492,75.86
3493,78.72
3494,89.6
3495,88.39
3496,81.3
3497,88.81
3498,89.36
3499,90.26
3500,91.45
3501,96.93
3502,60.94
3503,68.29
3504,67.27
3505,68.0
3506,67.65
3507,48.49
3508,42.96
3509,29.9
3510,29.73
3511,26.54
3512,14.15
3513,7.2
3514,31.98
3515,47.34
3516,51.44
3517,53.83
3518,65.31
3519,65.46
3520,81.61
3521,80.6
3522,77.46
3523,64.41
3524,22.93
3525,18.53
3526,29.54
3527,42.43
3528,35.84
3529,32.84
3530,33.29
3531,36.45
3532,33.94
3533,49.13
3534,57.21
3535,52.52
3536,50.56
3537,53.47
3538,62.6
3539,55.0
3540,45.29
3541,58.26
3542,43.36
3543,50.06
3544,53.45
3545,43.58
3546,52.51
3547,49.88
3548,53.15
3549,69.68
3550,65.12
3551,83.04
3552,80.48
3553,76.21
3554,85.79
3555,80.15
3556,85.29
3557,98.49
3558,98.13
3559,91.59
3560,86.62
3561,63.91
3562,71.43
3563,59.11
3564,51.06
3565,42.79
3566,27.22
3567,27.22
3568,19.33
3569,18.94
3570,35.18
3571,25.98
3572,40.66
3573,42.41
3574,50.22
3575,56.64
3576,57.7
3577,71.4
3578,67.43
3579,46.27
3580,49.51
3581,38.63
3582,50.4
3583,32.75
3584,33.41
3585,30.8
3586,40.73
3587,42.28
3588,62.54
3589,69.97
3590,71.72
3591,56.47
3592,70.23
3593,80.86
3594,79.36
3595,51.38
3596,62.67
3597,58.98
3598,58.73
3599,57.19
3600,66.67
3601,58.79
3602,57.98
3603,49.01
3604,52.1
3605,55.8
3606,59.29
3607,42.89
3608,36.03
3609,38.78
3610,51.34
3611,45.03
3612,48.5
3613,56.83
3614,57.02
3615,54.52
3616,73.46
3617,80.92
3618,76.11
3619,67.89
3620,78.31
3621,57.81
3622,66.67
3623,53.71
3624,40.91
3625,37.64
3626,37.09
3627,45.72
3628,33.43
3629,32.23
3630,34.31
3631,21.13
3632,42.42
3633,51.94
3634,41.6
3635,38.98
3636,41.4
3637,49.17
3638,64.07
3639,70.18
3640,65.78
3641,55.9
3642,44.88
3643,50.59
3644,57.61
3645,28.44
3646,30.97
3647,25.0
3648,25.55
3649,25.94
3650,29.79
3651,25.56
3652,27.97
3653,40.82
3654,67.46
3655,68.34
3656,64.43
3657,69.18
3658,72.01
3659,70.58
3660,91.69
3661,85.22
3662,69.28
3663,38.19
3664,25.81
3665,41.33
3666,42.21
3667,42.5
3668,38.48
3669,38.48
3670,37.92
3671,47.73
3672,51.02
3673,54.95
3674,56.61
3675,39.15
3676,40.49
3677,41.09
3678,49.27
3679,57.79
3680,50.13
3681,46.81
3682,33.67
3683,13.3
3684,9.12
3685,8.04
3686,27.27
3687,35.91
3688,34.2
3689,32.76
3690,30.1
3691,39.6
3692,46.07
3693,60.16
3694,65.98
3695,50.95
3696,40.27
3697,43.12
3698,46.19
3699,68.45
3700,65.99
3701,62.3
3702,61.04
3703,48.96
3704,46.17
3705,42.34
3706,34.74
3707,36.66
3708,14.5
3709,4.42
3710,25.24
3711,34.53
3712,43.87
3713,63.05
3714,62.01
3715,69.52
3716,72.46
3717,95.78
3718,95.81
3719,82.35
3720,75.14
3721,76.67
3722,71.64
3723,76.11
3724,66.42
3725,51.06
3726,66.55
3727,68.71
3728,75.51
3729,80.48
3730,78.6
3731,76.26
3732,69.81
3733,78.52
3734,87.2
3735,73.0
3736,67.83
3737,71.0
3738,56.65
3739,45.67
3740,41.52
3741,33.66
3742,12.25
3743,27.82
3744,30.41
3745,45.14
3746,45.07
3747,55.8
3748,52.31
3749,56.21
3750,73.4
3751,93.87
3752,75.5
3753,81.29
3754,51.26
3755,35.86
3756,49.9
3757,48.75
3758,41.42
3759,36.06
3760,38.03
3761,32.46
3762,28.32
3763,40.84
3764,55.38
3765,35.96
3766,37.07
3767,38.03
3768,48.4
3769,50.95
3770,63.05
3771,59.9
3772,59.1
3773,43.82
3774,50.51
3775,42.03
3776,48.78
3777,31.82
3778,15.42
3779,13.84
3780,15.25
3781,9.02
3782,7.91
3783,22.44
3784,21.18
3785,20.06
3786,20.76
3787,29.66
3788,46.84
3789,40.0
3790,43.83
3791,48.47
3792,40.89
3793,64.1
3794,64.99
3795,60.12
3796,61.05
3797,52.39
3798,51.38
3799,37.68
3800,41.71
3801,39.17
3802,9.42
3803,27.54
3804,47.25
3805,53.91
3806,52.33
3807,62.48
3808,77.05
3809,69.67
3810,72.57
3811,84.43
3812,76.91
3813,64.58
3814,67.91
3815,71.82
3816,73.97
3817,70.8
3818,83.2
3819,69.71
3820,66.52
3821,71.1
3822,85.63
3823,75.55
3824,70.87
3825,72.39
3826,74.93
3827,76.06
3828,88.0
3829,86.39
3830,72.99
3831,57.59
3832,58.37
3833,72.13
3834,70.7
3835,59.92
3836,63.18
3837,61.05
3838,47.8
3839,66.94
3840,52.75
3841,55.17
3842,44.09
3843,50.2
3844,58.75
3845,54.53
3846,57.23
3847,71.05
3848,66.83
3849,90.13
3850,73.86
3851,80.29
3852,70.68
3853,62.14
3854,63.38
3855,48.21
3856,30.66
3857,37.81
3858,27.96
3859,29.63
3860,26.0
3861,33.69
3862,30.92
3863,44.02
3864,43.53
3865,49.87
3866,34.51
3867,52.84
3868,48.42
3869,48.86
3870,43.24
3871,48.12
3872,32.98
3873,58.1
3874,62.23
3875,72.29
3876,68.75
3877,84.33
3878,87.17
3879,91.14
3880,82.37
3881,89.62
3882,84.06
3883,82.54
3884,75.26
3885,49.15
3886,39.06
3887,34.44
3888,27.93
3889,37.5
3890,26.85
3891,22.93
3892,21.15
3893,21.15
3894,56.25
3895,29.33
3896,24.43
3897,39.98
3898,47.46
3899,52.18
3900,54.06
3901,50.4
3902,53.02
3903,47.34
3904,75.5
3905,91.21
3906,89.54
3907,85.94
3908,84.18
3909,79.27
3910,92.8
3911,90.34
3912,93.39
3913,77.57
3914,77.49
3915,64.35
3916,64.81
3917,53.27
3918,62.12
3919,59.02
3920,55.96
3921,35.61
3922,48.91
3923,39.35
3924,64.22
3925,61.95
3926,66.83
3927,57.84
3928,61.95
3929,64.52
3930,84.46
3931,68.54
3932,68.98
3933,58.39
3934,57.67
3935,55.13
3936,66.45
3937,41.4
3938,41.4
3939,27.27
3940,53.12
3941,44.51
3942,33.72
3943,33.33
3944,46.76
3945,49.34
3946,60.22
3947,53.85
3948,27.52
3949,41.81
3950,34.75
3951,34.14
3952,43.74
3953,39.35
3954,35.07
3955,34.67
3956,44.49
3957,65.17
3958,49.8
3959,54.87
3960,63.83
3961,58.84
3962,52.94
3963,61.65
3964,59.03
3965,44.6
3966,42.72
3967,49.22
3968,53.85
3969,39.48
3970,29.97
3971,34.05
3972,21.37
3973,22.62
3974,38.57
3975,35.68
3976,30.88
3977,36.42
3978,61.96
3979,57.39
3980,59.06
3981,46.67
3982,50.77
3983,36.21
3984,18.14
3985,15.18
3986,13.78
3987,0.39
3988,45.81
3989,50.68
3990,64.79
3991,66.6
3992,65.11
3993,77.66
3994,80.61
3995,87.52
3996,87.52
3997,82.82
3998,82.95
3999,77.36
4000,78.39
4001,74.77
4002,68.7
4003,70.31
4004,56.54
4005,60.09
4006,60.09
4007,58.99
4008,72.36
4009,72.53
4010,85.8
4011,81.19
4012,88.8
4013,80.81
4014,81.92
4015,80.48
4016,73.7
4017,67.45
4018,57.94
4019,49.1
4020,52.99
4021,37.93
4022,38.31
4023,28.98
4024,17.95
4025,43.48
4026,48.21
4027,53.3
4028,60.24
4029,53.7
4030,52.03
4031,71.49
4032,64.12
4033,77.57
4034,58.65
4035,52.2
4036,47.56
4037,44.86
4038,47.06
4039,58.63
4040,65.67
4041,72.43
4042,62.89
4043,59.85
4044,56.15
4045,60.83
4046,58.41
4047,71.32
4048,60.0
4049,43.53
4050,45.76
4051,64.32
4052,87.69
4053,92.59
4054,93.71
4055,94.64
4056,87.07
4057,93.01
4058,93.87
4059,93.81
4060,92.7
4061,91.97
4062,90.38
4063,77.54
4064,83.59
4065,75.89
4066,74.18
4067,62.4
4068,53.9
4069,50.88
4070,50.88
4071,52.38
4072,58.6
4073,22.45
4074,51.6
4075,51.36
4076,58.82
4077,53.33
4078,36.7
4079,35.11
4080,29.32
4081,30.67
4082,31.58
4083,27.53
4084,33.11
4085,37.8
4086,42.47
4087,64.25
4088,64.43
4089,55.8
4090,57.69
4091,62.79
4092,51.22
4093,41.89
4094,20.13
4095,16.75
4096,41.13
4097,36.1
4098,39.84
4099,48.81
4100,46.91
4101,58.84
4102,65.11
4103,69.76
4104,80.63
4105,71.26
4106,80.24
4107,82.5
4108,74.32
4109,80.65
4110,76.81
4111,62.66
4112,64.29
4113,62.59
4114,64.79
4115,52.8
4116,66.04
4117,67.74
4118,31.58
4119,25.45
4120,42.06
4121,49.74
4122,51.41
4123,55.64
4124,61.59
4125,57.84
4126,56.96
4127,94.96
4128,95.83
4129,95.18
4130,88.48
4131,81.04
4132,80.0
4133,74.36
4134,70.55
4135,72.33
4136,78.43
4137,60.99
4138,44.17
4139,48.62
4140,72.48
4141,55.98
4142,51.01
4143,51.27
4144,56.44
4145,45.0
4146,34.12
4147,53.14
4148,41.98
4149,31.85
4150,43.21
4151,35.38
4152,45.27
4153,44.56
4154,43.98
4155,60.21
4156,54.22
4157,74.0
4158,74.51
4159,71.17
4160,98.84
4161,98.03
4162,94.55
4163,92.72
4164,90.96
4165,87.76
4166,79.09
4167,71.96
4168,68.14
4169,52.0
4170,55.7
4171,55.7
4172,59.21
4173,59.21
4174,48.91
4175,52.27
4176,20.63
4177,25.0
4178,44.19
4179,43.43
4180,47.21
4181,31.36
4182,27.19
4183,29.23
4184,42.34
4185,51.85
4186,50.35
4187,37.57
4188,38.3
4189,37.94
4190,73.54
4191,82.16
4192,82.92
4193,55.83
4194,72.02
4195,73.52
4196,67.54
4197,77.09
4198,78.49
4199,76.21
4200,70.87
4201,68.2
4202,91.35
4203,90.67
4204,90.58
4205,90.1
4206,74.49
4207,52.7
4208,47.44
4209,64.04
4210,68.8
4211,70.23
4212,76.22
4213,79.26
4214,88.11
4215,93.16
4216,89.34
4217,89.71
4218,88.94
4219,89.18
4220,81.6
4221,78.8
4222,77.33
4223,75.78
4224,66.95
4225,81.0
4226,90.6
4227,67.44
4228,66.86
4229,59.47
4230,59.26
4231,68.31
4232,58.01
4233,58.89
4234,59.73
4235,52.23
4236,66.81
4237,68.07
4238,76.78
4239,77.31
4240,56.25
4241,64.71
4242,62.76
4243,54.25
4244,38.07
4245,51.78
4246,40.53
4247,46.59
4248,53.29
4249,57.05
4250,64.4
4251,72.22
4252,74.48
4253,89.15
4254,82.78
4255,85.63
4256,75.34
4257,71.15
4258,76.01
4259,77.13
4260,73.05
4261,75.16
4262,65.95
4263,56.88
4264,69.0
4265,85.71
4266,76.77
4267,72.22
4268,70.59
4269,65.22
4270,64.1
4271,62.18
4272,75.0
4273,57.55
4274,48.51
4275,73.28
4276,80.95
4277,83.9
4278,86.49
4279,87.18
4280,86.93
4281,89.23
4282,98.49
4283,92.42
4284,92.64
4285,85.02
4286,84.42
4287,87.03
4288,86.89
4289,88.35
4290,86.15
4291,87.86
4292,77.73
4293,57.64
4294,61.39
4295,54.87
4296,25.39
4297,11.91
4298,31.15
4299,29.16
4300,19.22
4301,24.57
4302,31.93
4303,32.68
4304,37.59
4305,47.61
4306,69.35
4307,53.75
4308,56.04
4309,80.97
4310,82.08
4311,82.03
4312,68.46
4313,53.8
4314,37.84
4315,40.69
4316,50.91
4317,55.31
4318,52.6
4319,47.68
4320,49.88
4321,60.34
4322,66.98
4323,75.27
4324,73.33
4325,66.43
4326,49.51
4327,50.1
4328,41.1
4329,2.53
4330,1.94
4331,27.29
4332,24.72
4333,23.48
4334,32.05
4335,28.51
4336,35.54
4337,41.31
4338,52.65
4339,51.11
4340,43.5
4341,56.46
4342,55.41
4343,53.54
4344,67.44
4345,65.43
4346,63.97
4347,61.91
4348,76.89
4349,65.4
4350,56.03
4351,48.17
4352,43.18
4353,55.19
4354,46.46
4355,29.41
4356,30.38
4357,28.8
4358,35.52
4359,47.55
4360,62.48
4361,59.88
4362,58.53
4363,66.21
4364,81.25
4365,80.7
4366,82.47
4367,83.73
4368,75.75
4369,70.09
4370,74.75
4371,63.89
4372,56.67
4373,48.79
4374,42.94
4375,41.11
4376,50.67
4377,44.79
4378,56.93
4379,54.42
4380,59.07
4381,63.26
4382,64.6
4383,70.1
4384,85.24
4385,80.51
4386,88.95
4387,85.87
4388,74.22
4389,73.06
4390,44.44
4391,49.79
4392,31.96
4393,34.44
4394,22.37
4395,28.87
4396,18.13
4397,28.16
4398,27.47
4399,33.95
4400,36.81
4401,53.98
4402,59.36
4403,80.66
4404,66.49
4405,83.63
4406,82.4
4407,77.99
4408,79.37
4409,78.39
4410,67.21
4411,56.45
4412,57.28
4413,75.82
4414,74.64
4415,73.57
4416,60.34
4417,46.04
4418,50.45
4419,52.61
4420,61.68
4421,61.6
4422,62.08
4423,58.45
4424,55.65
4425,70.31
4426,68.21
4427,54.75
4428,65.32
4429,46.4
4430,52.32
4431,51.02
4432,49.41
4433,53.08
4434,53.59
4435,61.71
4436,76.08
4437,77.51
4438,95.61
4439,95.16
4440,80.06
4441,78.43
4442,73.7
4443,65.61
4444,61.35
4445,48.72
4446,35.22
4447,43.26
4448,26.67
4449,52.7
4450,53.47
4451,45.02
4452,61.66
4453,71.38
4454,82.11
4455,82.77
4456,67.23
4457,65.34
4458,53.13
4459,56.41
4460,65.05
4461,63.28
4462,60.69
4463,48.09
4464,28.04
4465,29.41
4466,31.03
4467,32.97
4468,8.38
4469,6.95
4470,12.18
4471,11.23
4472,30.87
4473,33.36
4474,30.06
4475,29.62
4476,29.1
4477,42.04
4478,34.66
4479,34.9
4480,35.0
4481,10.8
4482,25.05
4483,37.46
4484,44.47
4485,44.01
4486,48.77
4487,72.37
4488,76.15
4489,79.72
4490,78.47
4491,58.59
4492,53.72
4493,41.18
4494,52.08
4495,50.73
4496,38.24
4497,16.76
4498,20.06
4499,28.88
4500,39.95
4501,52.52
4502,59.09
4503,55.17
4504,59.41
4505,50.93
4506,60.18
4507,47.81
4508,45.22
4509,42.2
4510,30.13
4511,28.37
4512,19.69
4513,6.64
4514,9.01
4515,8.14
4516,9.77
4517,5.69
4518,7.28
4519,12.85
4520,12.73
4521,24.51
4522,35.79
4523,27.14
4524,55.75
4525,63.2
4526,71.01
4527,71.78
4528,70.33
4529,73.14
4530,66.31
4531,68.9
4532,92.54
4533,89.1
4534,90.33
4535,67.76
4536,67.02
4537,62.78
4538,68.51
4539,66.02
4540,60.3
4541,67.04
4542,67.04
4543,59.79
4544,80.83
4545,81.28
4546,82.82
4547,64.31
4548,76.28
4549,77.76
4550,76.66
4551,72.61
4552,68.65
4553,72.9
4554,70.99
4555,73.86
4556,82.6
4557,84.69
4558,85.15
4559,74.54
4560,74.2
4561,70.99
4562,66.47
4563,56.59
4564,52.54
4565,48.56
4566,29.43
4567,24.36
4568,47.09
4569,48.88
4570,60.21
4571,50.85
4572,58.23
4573,66.07
4574,73.81
4575,80.92
4576,86.78
4577,57.79
4578,54.48
4579,52.64
4580,50.98
4581,52.65
4582,49.14
4583,58.99
4584,60.93
4585,55.38
4586,82.29
4587,86.78
4588,85.08
4589,82.58
4590,82.81
4591,77.55
4592,74.42
4593,74.85
4594,71.24
4595,60.73
4596,58.86
4597,58.99
4598,81.18
4599,71.51
4600,70.06
4601,68.01
4602,71.2
4603,72.42
4604,61.6
4605,54.03
4606,64.52
4607,47.5
4608,36.16
4609,36.41
4610,25.92
4611,31.99
4612,19.24
4613,32.31
4614,37.35
4615,35.65
4616,35.43
4617,39.29
4618,45.51
4619,46.7
4620,36.74
4621,56.63
4622,40.55
4623,30.31
4624,25.21
4625,22.49
4626,24.32
4627,35.98
4628,43.58
4629,56.2
4630,59.45
4631,69.48
4632,77.65
4633,73.94
4634,93.16
4635,92.6
4636,89.01
4637,89.66
4638,88.63
4639,88.36
4640,84.81
4641,85.14
4642,67.6
4643,60.98
4644,67.46
4645,70.45
4646,69.56
4647,66.25
4648,61.39
4649,66.14
4650,66.37
4651,80.21
4652,84.41
4653,84.82
4654,83.66
4655,80.47
4656,81.02
4657,78.71
4658,62.69
4659,47.66
4660,60.86
4661,47.61
4662,40.16
4663,42.06
4664,46.32
4665,53.52
4666,45.69
4667,56.6
4668,67.26
4669,62.03
4670,69.64
4671,51.17
4672,36.59
4673,22.74
4674,13.77
4675,8.47
4676,19.13
4677,20.7
4678,36.45
4679,35.2
4680,38.5
4681,37.7
4682,49.92
4683,39.5
4684,52.89
4685,52.44
4686,53.57
4687,47.16
4688,46.31
4689,52.0
4690,57.25
4691,37.44
4692,46.63
4693,55.87
4694,45.19
4695,47.52
4696,50.5
4697,54.8
4698,46.25
4699,46.84
4700,68.65
4701,82.87
4702,77.94
4703,86.87
4704,82.18
4705,75.68
4706,81.6
4707,93.59
4708,92.41
4709,74.4
4710,66.88
4711,65.92
4712,65.7
4713,68.81
4714,71.64
4715,50.55
4716,38.56
4717,28.92
4718,48.37
4719,38.47
4720,26.93
4721,31.47
4722,36.81
4723,22.39
4724,16.73
4725,29.63
4726,45.66
4727,39.65
4728,39.93
4729,35.26
4730,40.15
4731,43.19
4732,56.24
4733,72.92
4734,63.52
4735,62.19
4736,63.18
4737,65.84
4738,80.74
4739,77.14
4740,76.1
4741,61.02
4742,61.9
4743,69.82
4744,63.8
4745,70.66
4746,72.57
4747,81.46
4748,83.63
4749,68.0
4750,85.53
4751,84.53
4752,87.05
4753,80.71
4754,80.6
4755,80.24
4756,81.74
4757,78.0
4758,89.66
4759,84.02
4760,83.44
4761,80.58
4762,94.26
4763,86.32
4764,85.57
4765,78.57
4766,66.67
4767,63.64
4768,65.35
4769,67.04
4770,72.41
4771,68.35
4772,76.41
4773,66.78
4774,47.95
4775,42.34
4776,52.64
4777,52.37
4778,59.05
4779,55.02
4780,46.71
4781,43.29
4782,48.58
4783,71.54
4784,88.39
4785,86.31
4786,87.87
4787,80.67
4788,81.17
4789,97.08
4790,97.74
4791,94.48
4792,91.56
4793,92.88
4794,85.13
4795,82.05
4796,67.99
4797,69.64
4798,74.07
4799,52.08
4800,47.46
4801,55.86
4802,46.44
4803,57.7
4804,61.0
4805,63.37
4806,62.89
4807,60.7
4808,71.52
4809,81.4
4810,81.6
4811,88.77
4812,86.1
4813,75.29
4814,86.67
4815,86.8
4816,52.11
4817,37.91
4818,29.94
4819,37.36
4820,32.32
4821,38.34
4822,28.34
4823,30.47
4824,32.91
4825,51.17
4826,64.85
4827,71.26
4828,60.28
4829,58.25
4830,62.08
4831,83.29
4832,84.53
4833,82.2
4834,76.38
4835,71.09
4836,58.89
4837,73.17
4838,70.91
4839,44.55
4840,31.99
4841,13.58
4842,9.5
4843,7.86
4844,3.85
4845,3.96
4846,1.36
4847,21.42
4848,19.99
4849,35.76
4850,34.37
4851,36.67
4852,42.84
4853,36.51
4854,45.2
4855,39.24
4856,24.54
4857,38.68
4858,27.56
4859,28.48
4860,33.5
4861,29.26
4862,35.56
4863,30.73
4864,27.71
4865,37.43
4866,36.82
4867,49.88
4868,61.03
4869,51.63
4870,54.91
4871,61.21
4872,57.05
4873,65.84
4874,67.43
4875,53.36
4876,61.12
4877,52.58
4878,65.78
4879,70.83
4880,60.85
4881,66.34
4882,86.44
4883,73.87
4884,79.29
4885,75.57
4886,72.29
4887,58.74
4888,44.56
4889,55.02
4890,52.39
4891,48.37
4892,55.94
4893,60.26
4894,49.57
4895,62.72
4896,63.15
4897,62.09
4898,48.3
4899,55.54
4900,53.73
4901,52.01
4902,51.4
4903,56.96
4904,49.37
4905,52.9
4906,54.54
4907,55.52
4908,53.42
4909,47.94
4910,56.16
4911,60.78
4912,48.35
4913,54.77
4914,52.0
4915,66.64
4916,77.85
4917,77.31
4918,80.43
4919,79.14
4920,71.81
4921,76.33
4922,73.55
4923,90.46
4924,91.66
4925,87.57
4926,90.09
4927,89.24
4928,89.98
4929,82.06
4930,81.1
4931,44.6
4932,44.81
4933,34.83
4934,46.07
4935,43.65
4936,39.82
4937,36.41
4938,45.26
4939,38.1
4940,61.56
4941,60.02
4942,56.1
4943,49.71
4944,34.72
4945,35.29
4946,42.84
4947,41.51
4948,57.53
4949,53.11
4950,52.63
4951,73.75
4952,62.05
4953,83.16
4954,77.19
4955,76.49
4956,73.18
4957,59.21
4958,60.69
4959,64.98
4960,54.12
4961,65.08
4962,62.25
4963,71.83
4964,67.55
4965,67.9
4966,69.31
4967,55.3
4968,44.24
4969,61.32
4970,49.7
4971,57.76
4972,50.98
4973,53.27
4974,48.58
4975,68.37
4976,81.17
4977,84.43
4978,84.15
4979,95.35
4980,90.41
4981,94.26
4982,76.49
4983,83.69
4984,78.98
4985,73.38
4986,71.37
4987,66.82
4988,68.82
4989,62.93
4990,61.76
4991,78.94
4992,69.87
4993,79.65
4994,87.05
4995,89.86
4996,89.37
4997,90.24
4998,100.0
4999,88.21
5000,89.33
5001,91.54
5002,55.56
5003,46.19
5004,30.92
5005,40.32
5006,32.9
5007,30.62
5008,38.44
5009,37.79
5010,29.48
5011,36.58
5012,40.5
5013,40.92
5014,32.74
5015,31.84
5016,34.08
5017,34.19
5018,41.22
5019,41.65
5020,48.53
5021,52.13
5022,61.4
5023,65.06
5024,71.55
5025,75.59
5026,74.14
5027,72.07
5028,79.66
5029,72.12
5030,66.03
5031,70.63
5032,61.95
5033,62.0
5034,55.19
5035,48.84
5036,43.88
5037,20.86
5038,17.13
5039,18.59
5040,10.74
5041,22.93
5042,23.08
5043,29.4
5044,40.67
5045,48.37
5046,55.25
5047,61.91
5048,66.67
5049,87.86
5050,87.46
5051,87.95
5052,88.4
5053,87.73
5054,79.69
5055,61.53
5056,64.55
5057,52.01
5058,56.4
5059,60.68
5060,67.34
5061,59.06
5062,58.37
5063,64.1
5064,78.35
5065,80.41
5066,88.89
5067,88.18
5068,64.43
5069,65.14
5070,63.62
5071,58.4
